TCU#72 North Reroute at North/Lotus,72,,1453670542,Medium,Reroute at North/Lotus
#52 Buses Resume Normal Routing <br/>,52,,1453670542,Low,Buses Resume Normal Route
TCU#72 North Reroute at North/Lotus,72,,1453671001,Medium,Reroute at North/Lotus
#52 Buses Resume Normal Routing <br/>,52,,1453671001,Low,Buses Resume Normal Route
TCU#72 North Reroute at North/Lotus,72,,1453672801,Medium,Reroute at North/Lotus
#52 Buses Resume Normal Routing <br/>,52,,1453672801,Low,Buses Resume Normal Route
TCU#72 North Reroute at North/Lotus,72,,1453674600,Medium,Reroute at North/Lotus
#52 Buses Resume Normal Routing <br/>,52,,1453674600,Low,Buses Resume Normal Route
TCU#72 North Reroute at North/Lotus,72,,1453676402,Medium,Reroute at North/Lotus
#52 Buses Resume Normal Routing <br/>,52,,1453676402,Low,Buses Resume Normal Route
TCU#72 North Reroute at North/Lotus,72,,1453678201,Medium,Reroute at North/Lotus
#52 Buses Resume Normal Routing <br/>,52,,1453678201,Low,Buses Resume Normal Route
TCU#72 North Reroute at North/Lotus,72,,1453680001,Medium,Reroute at North/Lotus
#52 Buses Resume Normal Routing <br/>,52,,1453680001,Low,Buses Resume Normal Route
TCU#72 North Reroute at North/Lotus,72,,1453681801,Medium,Reroute at North/Lotus
#52 Buses Resume Normal Routing <br/>,52,,1453681801,Low,Buses Resume Normal Route
TCU#72 North Reroute at North/Lotus,72,,1453683601,Medium,Reroute at North/Lotus
#52 Buses Resume Normal Routing <br/>,52,,1453683601,Low,Buses Resume Normal Route
TCU#72 North Reroute at North/Lotus,72,,1453685400,Medium,Reroute at North/Lotus
#52 Buses Resume Normal Routing <br/>,52,,1453685400,Low,Buses Resume Normal Route
TCU#72 North Reroute at North/Lotus,72,,1453687201,Medium,Reroute at North/Lotus
#52 Buses Resume Normal Routing <br/>,52,,1453687201,Low,Buses Resume Normal Route
TCU#72 North Reroute at North/Lotus,72,,1453689000,Medium,Reroute at North/Lotus
#52 Buses Resume Normal Routing <br/>,52,,1453689000,Low,Buses Resume Normal Route
TCU#72 North Reroute at North/Lotus,72,,1453690802,Medium,Reroute at North/Lotus
#52 Buses Resume Normal Routing <br/>,52,,1453690802,Low,Buses Resume Normal Route
TCU#72 North Reroute at North/Lotus,72,,1453692600,Medium,Reroute at North/Lotus
#52 Buses Resume Normal Routing <br/>,52,,1453692600,Low,Buses Resume Normal Route
TCU#72 North Reroute at North/Lotus,72,,1453694400,Medium,Reroute at North/Lotus
#52 Buses Resume Normal Routing <br/>,52,,1453694400,Low,Buses Resume Normal Route
TCU#72 North Reroute at North/Lotus,72,,1453696200,Medium,Reroute at North/Lotus
#52 Buses Resume Normal Routing <br/>,52,,1453696200,Low,Buses Resume Normal Route
TCU#72 North Reroute at North/Lotus,72,,1453698000,Medium,Reroute at North/Lotus
#52 Buses Resume Normal Routing <br/>,52,,1453698000,Low,Buses Resume Normal Route
TCU#72 North Reroute at North/Lotus,72,,1453699800,Medium,Reroute at North/Lotus
#52 Buses Resume Normal Routing <br/>,52,,1453699800,Low,Buses Resume Normal Route
TCU#72 North Reroute at North/Lotus,72,,1453701606,Medium,Reroute at North/Lotus
#52 Buses Resume Normal Routing <br/>,52,,1453701606,Low,Buses Resume Normal Route
TCU#72 North Reroute at North/Lotus,72,,1453703401,Medium,Reroute at North/Lotus
#52 Buses Resume Normal Routing <br/>,52,,1453703401,Low,Buses Resume Normal Route
TCU#72 North Reroute at North/Lotus,72,,1453705201,Medium,Reroute at North/Lotus
#52 Buses Resume Normal Routing <br/>,52,,1453705201,Low,Buses Resume Normal Route
TCU#72 North Reroute at North/Lotus,72,,1453707000,Medium,Reroute at North/Lotus
#52 Buses Resume Normal Routing <br/>,52,,1453707000,Low,Buses Resume Normal Route
TCU#72 North Reroute at North/Lotus,72,,1453708801,Medium,Reroute at North/Lotus
#52 Buses Resume Normal Routing <br/>,52,,1453708801,Low,Buses Resume Normal Route
TCU#72 North Reroute at North/Lotus,72,,1453710601,Medium,Reroute at North/Lotus
#52 Buses Resume Normal Routing <br/>,52,,1453710601,Low,Buses Resume Normal Route
TCU#72 North Reroute at North/Lotus,72,,1453712401,Medium,Reroute at North/Lotus
#52 Buses Resume Normal Routing <br/>,52,,1453712401,Low,Buses Resume Normal Route
TCU#72 North Reroute at North/Lotus,72,,1453714201,Medium,Reroute at North/Lotus
#52 Buses Resume Normal Routing <br/>,52,,1453714201,Low,Buses Resume Normal Route
TCU#72 North Reroute at North/Lotus,72,,1453716000,Medium,Reroute at North/Lotus
#52 Buses Resume Normal Routing <br/>,52,,1453716000,Low,Buses Resume Normal Route
TCU#72 North Reroute at North/Lotus,72,,1453717801,Medium,Reroute at North/Lotus
#52 Buses Resume Normal Routing <br/>,52,,1453717801,Low,Buses Resume Normal Route
TCU#72 North Reroute at North/Lotus,72,,1453719600,Medium,Reroute at North/Lotus
#52 Buses Resume Normal Routing <br/>,52,,1453719600,Low,Buses Resume Normal Route
TCU#72 North Reroute at North/Lotus,72,,1453721401,Medium,Reroute at North/Lotus
#52 Buses Resume Normal Routing <br/>,52,,1453721401,Low,Buses Resume Normal Route
TCU#72 North Reroute at North/Lotus,72,,1453723206,Medium,Reroute at North/Lotus
#52 Buses Resume Normal Routing <br/>,52,,1453723206,Low,Buses Resume Normal Route
TCU#72 North Reroute at North/Lotus,72,,1453725001,Medium,Reroute at North/Lotus
#52 Buses Resume Normal Routing <br/>,52,,1453725001,Low,Buses Resume Normal Route
TCU#72 North Reroute at North/Lotus,72,,1453726800,Medium,Reroute at North/Lotus
#52 Buses Resume Normal Routing <br/>,52,,1453726800,Low,Buses Resume Normal Route
TCU#72 North Reroute at North/Lotus,72,,1453728601,Medium,Reroute at North/Lotus
#52 Buses Resume Normal Routing <br/>,52,,1453728601,Low,Buses Resume Normal Route
TCU#72 North Reroute at North/Lotus,72,,1453730401,Medium,Reroute at North/Lotus
#52 Buses Resume Normal Routing <br/>,52,,1453730401,Low,Buses Resume Normal Route
TCU#72 North Reroute at North/Lotus,72,,1453732201,Medium,Reroute at North/Lotus
#52 Buses Resume Normal Routing <br/>,52,,1453732201,Low,Buses Resume Normal Route
TCU#72 North Reroute at North/Lotus,72,,1453734001,Medium,Reroute at North/Lotus
#52 Buses Resume Normal Routing <br/>,52,,1453734001,Low,Buses Resume Normal Route
TCU#72 North Reroute at North/Lotus,72,,1453735800,Medium,Reroute at North/Lotus
#52 Buses Resume Normal Routing <br/>,52,,1453735800,Low,Buses Resume Normal Route
TCU#72 North Reroute at North/Lotus,72,,1453737601,Medium,Reroute at North/Lotus
#52 Buses Resume Normal Routing <br/>,52,,1453737601,Low,Buses Resume Normal Route
TCU#72 North Reroute at North/Lotus,72,,1453739401,Medium,Reroute at North/Lotus
#52 Buses Resume Normal Routing <br/>,52,,1453739401,Low,Buses Resume Normal Route
TCU#72 North Reroute at North/Lotus,72,,1453741201,Medium,Reroute at North/Lotus
#52 Buses Resume Normal Routing <br/>,52,,1453741201,Low,Buses Resume Normal Route
TCU#72 North Reroute at North/Lotus,72,,1453743001,Medium,Reroute at North/Lotus
#52 Buses Resume Normal Routing <br/>,52,,1453743001,Low,Buses Resume Normal Route
TCU#72 North Reroute at North/Lotus,72,,1453744801,Medium,Reroute at North/Lotus
#52 Buses Resume Normal Routing <br/>,52,,1453744801,Low,Buses Resume Normal Route
TCU#72 North Reroute at North/Lotus,72,,1453746601,Medium,Reroute at North/Lotus
#52 Buses Resume Normal Routing <br/>,52,,1453746601,Low,Buses Resume Normal Route
TCU#72 North Reroute at North/Lotus,72,,1453748400,Medium,Reroute at North/Lotus
#52 Buses Resume Normal Routing <br/>,52,,1453748400,Low,Buses Resume Normal Route
TCU#72 North Reroute at North/Lotus,72,,1453750201,Medium,Reroute at North/Lotus
#52 Buses Resume Normal Routing <br/>,52,,1453750201,Low,Buses Resume Normal Route
TCU#72 North Reroute at North/Lotus,72,,1453752001,Medium,Reroute at North/Lotus
#52 Buses Resume Normal Routing <br/>,52,,1453752001,Low,Buses Resume Normal Route
TCU#72 North Reroute at North/Lotus,72,,1453753800,Medium,Reroute at North/Lotus
#52 Buses Resume Normal Routing <br/>,52,,1453753800,Low,Buses Resume Normal Route
TCU#72 North Reroute at North/Lotus,72,,1453755602,Medium,Reroute at North/Lotus
#52 Buses Resume Normal Routing <br/>,52,,1453755602,Low,Buses Resume Normal Route
TCU#72 North Reroute at North/Lotus,72,,1453757402,Medium,Reroute at North/Lotus
#52 Buses Resume Normal Routing <br/>,52,,1453757402,Low,Buses Resume Normal Route
TCU#72 North Reroute at North/Lotus,72,,1453759202,Medium,Reroute at North/Lotus
#52 Buses Resume Normal Routing <br/>,52,,1453759202,Low,Buses Resume Normal Route
TCU#72 North Reroute at North/Lotus,72,,1453761001,Medium,Reroute at North/Lotus
#52 Buses Resume Normal Routing <br/>,52,,1453761001,Low,Buses Resume Normal Route
TCU#72 North Reroute at North/Lotus,72,,1453762801,Medium,Reroute at North/Lotus
#52 Buses Resume Normal Routing <br/>,52,,1453762801,Low,Buses Resume Normal Route
TCU#72 North Reroute at North/Lotus,72,,1453764601,Medium,Reroute at North/Lotus
#52 Buses Resume Normal Routing <br/>,52,,1453764601,Low,Buses Resume Normal Route
TCU#72 North Reroute at North/Lotus,72,,1453766401,Medium,Reroute at North/Lotus
#52 Buses Resume Normal Routing <br/>,52,,1453766401,Low,Buses Resume Normal Route
TCU#72 North Reroute at North/Lotus,72,,1453768201,Medium,Reroute at North/Lotus
#52 Buses Resume Normal Routing <br/>,52,,1453768201,Low,Buses Resume Normal Route
TCU#72 North Reroute at North/Lotus,72,,1453770001,Medium,Reroute at North/Lotus
#52 Buses Resume Normal Routing <br/>,52,,1453770001,Low,Buses Resume Normal Route
TCU#72 North Reroute at North/Lotus,72,,1453771802,Medium,Reroute at North/Lotus
#52 Buses Resume Normal Routing <br/>,52,,1453771802,Low,Buses Resume Normal Route
TCU#72 North Reroute at North/Lotus,72,,1453773601,Medium,Reroute at North/Lotus
#52 Buses Resume Normal Routing <br/>,52,,1453773601,Low,Buses Resume Normal Route
TCU#72 North Reroute at North/Lotus,72,,1453775401,Medium,Reroute at North/Lotus
#52 Buses Resume Normal Routing <br/>,52,,1453775401,Low,Buses Resume Normal Route
TCU#72 North Reroute at North/Lotus,72,,1453777201,Medium,Reroute at North/Lotus
#52 Buses Resume Normal Routing <br/>,52,,1453777201,Low,Buses Resume Normal Route
TCU#72 North Reroute at North/Lotus,72,,1453779001,Medium,Reroute at North/Lotus
#52 Buses Resume Normal Routing <br/>,52,,1453779001,Low,Buses Resume Normal Route
TCU#72 North Reroute at North/Lotus,72,,1453780800,Medium,Reroute at North/Lotus
#52 Buses Resume Normal Routing <br/>,52,,1453780800,Low,Buses Resume Normal Route
TCU#72 North Reroute at North/Lotus,72,,1453782600,Medium,Reroute at North/Lotus
#52 Buses Resume Normal Routing <br/>,52,,1453782600,Low,Buses Resume Normal Route
TCU#72 North Reroute at North/Lotus,72,,1453784401,Medium,Reroute at North/Lotus
#52 Buses Resume Normal Routing <br/>,52,,1453784401,Low,Buses Resume Normal Route
TCU#72 North Reroute at North/Lotus,72,,1453786201,Medium,Reroute at North/Lotus
#52 Buses Resume Normal Routing <br/>,52,,1453786201,Low,Buses Resume Normal Route
TCU#72 North Reroute at North/Lotus,72,,1453788004,Medium,Reroute at North/Lotus
#52 Buses Resume Normal Routing <br/>,52,,1453788004,Low,Buses Resume Normal Route
TCU#72 North Reroute at North/Lotus,72,,1453789801,Medium,Reroute at North/Lotus
#52 Buses Resume Normal Routing <br/>,52,,1453789801,Low,Buses Resume Normal Route
TCU#72 North Reroute at North/Lotus,72,,1453791601,Medium,Reroute at North/Lotus
#52 Buses Resume Normal Routing <br/>,52,,1453791601,Low,Buses Resume Normal Route
TCU#72 North Reroute at North/Lotus,72,,1453793402,Medium,Reroute at North/Lotus
#52 Buses Resume Normal Routing <br/>,52,,1453793402,Low,Buses Resume Normal Route
TCU#72 North Reroute at North/Lotus,72,,1453795201,Medium,Reroute at North/Lotus
#52 Buses Resume Normal Routing <br/>,52,,1453795201,Low,Buses Resume Normal Route
TCU#72 North Reroute at North/Lotus,72,,1453797001,Medium,Reroute at North/Lotus
#52 Buses Resume Normal Routing <br/>,52,,1453797001,Low,Buses Resume Normal Route
TCU#72 North Reroute at North/Lotus,72,,1453798801,Medium,Reroute at North/Lotus
#52 Buses Resume Normal Routing <br/>,52,,1453798801,Low,Buses Resume Normal Route
TCU#72 North Reroute at North/Lotus,72,,1453800601,Medium,Reroute at North/Lotus
#52 Buses Resume Normal Routing <br/>,52,,1453800601,Low,Buses Resume Normal Route
TCU#72 North Reroute at North/Lotus,72,,1453802401,Medium,Reroute at North/Lotus
#52 Buses Resume Normal Routing <br/>,52,,1453802401,Low,Buses Resume Normal Route
TCU#72 North Reroute at North/Lotus,72,,1453804201,Medium,Reroute at North/Lotus
#52 Buses Resume Normal Routing <br/>,52,,1453804201,Low,Buses Resume Normal Route
TCU#72 North Reroute at North/Lotus,72,,1453806001,Medium,Reroute at North/Lotus
#52 Buses Resume Normal Routing <br/>,52,,1453806001,Low,Buses Resume Normal Route
TCU#72 North Reroute at North/Lotus,72,,1453807801,Medium,Reroute at North/Lotus
#52 Buses Resume Normal Routing <br/>,52,,1453807801,Low,Buses Resume Normal Route
TCU#72 North Reroute at North/Lotus,72,,1453811401,Medium,Reroute at North/Lotus
#52 Buses Resume Normal Routing <br/>,52,,1453811401,Low,Buses Resume Normal Route
TCU#72 North Reroute at North/Lotus,72,,1453813201,Medium,Reroute at North/Lotus
#52 Buses Resume Normal Routing <br/>,52,,1453813201,Low,Buses Resume Normal Route
TCU#72 North Reroute at North/Lotus,72,,1453815001,Medium,Reroute at North/Lotus
#52 Buses Resume Normal Routing <br/>,52,,1453815001,Low,Buses Resume Normal Route
TCU#72 North Reroute at North/Lotus,72,,1453816801,Medium,Reroute at North/Lotus
#52 Buses Resume Normal Routing <br/>,52,,1453816801,Low,Buses Resume Normal Route
TCU#72 North Reroute at North/Lotus,72,,1453818601,Medium,Reroute at North/Lotus
#52 Buses Resume Normal Routing <br/>,52,,1453818601,Low,Buses Resume Normal Route
TCU#72 North Reroute at North/Lotus,72,,1453820401,Medium,Reroute at North/Lotus
#52 Buses Resume Normal Routing <br/>,52,,1453820401,Low,Buses Resume Normal Route
TCU#72 North Reroute at North/Lotus,72,,1453822201,Medium,Reroute at North/Lotus
#52 Buses Resume Normal Routing <br/>,52,,1453822201,Low,Buses Resume Normal Route
TCU#72 North Reroute at North/Lotus,72,,1453824001,Medium,Reroute at North/Lotus
#52 Buses Resume Normal Routing <br/>,52,,1453824001,Low,Buses Resume Normal Route
TCU#72 North Reroute at North/Lotus,72,,1453825801,Medium,Reroute at North/Lotus
#52 Buses Resume Normal Routing <br/>,52,,1453825801,Low,Buses Resume Normal Route
TCU#72 North Reroute at North/Lotus,72,,1453827601,Medium,Reroute at North/Lotus
#52 Buses Resume Normal Routing <br/>,52,,1453827601,Low,Buses Resume Normal Route
TCU#72 North Reroute at North/Lotus,72,,1453829401,Medium,Reroute at North/Lotus
#52 Buses Resume Normal Routing <br/>,52,,1453829401,Low,Buses Resume Normal Route
TCU#72 North Reroute at North/Lotus,72,,1453831202,Medium,Reroute at North/Lotus
#52 Buses Resume Normal Routing <br/>,52,,1453831202,Low,Buses Resume Normal Route
TCU#72 North Reroute at North/Lotus,72,,1453833000,Medium,Reroute at North/Lotus
#52 Buses Resume Normal Routing <br/>,52,,1453833000,Low,Buses Resume Normal Route
TCU#72 North Reroute at North/Lotus,72,,1453834801,Medium,Reroute at North/Lotus
#52 Buses Resume Normal Routing <br/>,52,,1453834801,Low,Buses Resume Normal Route
TCU#72 North Reroute at North/Lotus,72,,1453836602,Medium,Reroute at North/Lotus
#52 Buses Resume Normal Routing <br/>,52,,1453836602,Low,Buses Resume Normal Route
TCU#72 North Reroute at North/Lotus,72,,1453838401,Medium,Reroute at North/Lotus
#52 Buses Resume Normal Routing <br/>,52,,1453838401,Low,Buses Resume Normal Route
TCU#72 North Reroute at North/Lotus,72,,1453840201,Medium,Reroute at North/Lotus
#52 Buses Resume Normal Routing <br/>,52,,1453840201,Low,Buses Resume Normal Route
TCU#72 North Reroute at North/Lotus,72,,1453842002,Medium,Reroute at North/Lotus
#52 Buses Resume Normal Routing <br/>,52,,1453842002,Low,Buses Resume Normal Route
TCU#72 North Reroute at North/Lotus,72,,1453843802,Medium,Reroute at North/Lotus
#52 Buses Resume Normal Routing <br/>,52,,1453843802,Low,Buses Resume Normal Route
TCU#72 North Reroute at North/Lotus,72,,1453845602,Medium,Reroute at North/Lotus
#52 Buses Resume Normal Routing <br/>,52,,1453845602,Low,Buses Resume Normal Route
TCU#72 North Reroute at North/Lotus,72,,1453847401,Medium,Reroute at North/Lotus
#52 Buses Resume Normal Routing <br/>,52,,1453847401,Low,Buses Resume Normal Route
TCU#72 North Reroute at North/Lotus,72,,1453849201,Medium,Reroute at North/Lotus
#52 Buses Resume Normal Routing <br/>,52,,1453849201,Low,Buses Resume Normal Route
TCU#72 North Reroute at North/Lotus,72,,1453851001,Medium,Reroute at North/Lotus
#52 Buses Resume Normal Routing <br/>,52,,1453851001,Low,Buses Resume Normal Route
TCU#72 North Reroute at North/Lotus,72,,1453852801,Medium,Reroute at North/Lotus
#52 Buses Resume Normal Routing <br/>,52,,1453852801,Low,Buses Resume Normal Route
TCU#72 North Reroute at North/Lotus,72,,1453854600,Medium,Reroute at North/Lotus
#52 Buses Resume Normal Routing <br/>,52,,1453854600,Low,Buses Resume Normal Route
TCU#72 North Reroute at North/Lotus,72,,1453856401,Medium,Reroute at North/Lotus
#52 Buses Resume Normal Routing <br/>,52,,1453856401,Low,Buses Resume Normal Route
TCU#72 North Reroute at North/Lotus,72,,1453858201,Medium,Reroute at North/Lotus
#52 Buses Resume Normal Routing <br/>,52,,1453858201,Low,Buses Resume Normal Route
TCU#72 North Reroute at North/Lotus,72,,1453860001,Medium,Reroute at North/Lotus
#52 Buses Resume Normal Routing <br/>,52,,1453860001,Low,Buses Resume Normal Route
TCU#72 North Reroute at North/Lotus,72,,1453861801,Medium,Reroute at North/Lotus
#52 Buses Resume Normal Routing <br/>,52,,1453861801,Low,Buses Resume Normal Route
TCU#72 North Reroute at North/Lotus,72,,1453863601,Medium,Reroute at North/Lotus
#52 Buses Resume Normal Routing <br/>,52,,1453863601,Low,Buses Resume Normal Route
TCU#72 North Reroute at North/Lotus,72,,1453865401,Medium,Reroute at North/Lotus
#52 Buses Resume Normal Routing <br/>,52,,1453865401,Low,Buses Resume Normal Route
TCU#72 North Reroute at North/Lotus,72,,1453867200,Medium,Reroute at North/Lotus
#52 Buses Resume Normal Routing <br/>,52,,1453867200,Low,Buses Resume Normal Route
TCU#72 North Reroute at North/Lotus,72,,1453869001,Medium,Reroute at North/Lotus
#52 Buses Resume Normal Routing <br/>,52,,1453869001,Low,Buses Resume Normal Route
TCU#72 North Reroute at North/Lotus,72,,1453870801,Medium,Reroute at North/Lotus
#52 Buses Resume Normal Routing <br/>,52,,1453870801,Low,Buses Resume Normal Route
TCU#72 North Reroute at North/Lotus,72,,1453872601,Medium,Reroute at North/Lotus
#52 Buses Resume Normal Routing <br/>,52,,1453872601,Low,Buses Resume Normal Route
TCU#72 North Reroute at North/Lotus,72,,1453874405,Medium,Reroute at North/Lotus
#52 Buses Resume Normal Routing <br/>,52,,1453874405,Low,Buses Resume Normal Route
TCU#72 North Reroute at North/Lotus,72,,1453876201,Medium,Reroute at North/Lotus
#52 Buses Resume Normal Routing <br/>,52,,1453876201,Low,Buses Resume Normal Route
TCU#72 North Reroute at North/Lotus,72,,1453878001,Medium,Reroute at North/Lotus
#52 Buses Resume Normal Routing <br/>,52,,1453878001,Low,Buses Resume Normal Route
TCU#72 North Reroute at North/Lotus,72,,1453879801,Medium,Reroute at North/Lotus
#52 Buses Resume Normal Routing <br/>,52,,1453879801,Low,Buses Resume Normal Route
TCU#72 North Reroute at North/Lotus,72,,1453881601,Medium,Reroute at North/Lotus
#52 Buses Resume Normal Routing <br/>,52,,1453881601,Low,Buses Resume Normal Route
TCU#72 North Reroute at North/Lotus,72,,1453883401,Medium,Reroute at North/Lotus
#52 Buses Resume Normal Routing <br/>,52,,1453883401,Low,Buses Resume Normal Route
TCU#72 North Reroute at North/Lotus,72,,1453885202,Medium,Reroute at North/Lotus
#52 Buses Resume Normal Routing <br/>,52,,1453885202,Low,Buses Resume Normal Route
TCU#72 North Reroute at North/Lotus,72,,1453887001,Medium,Reroute at North/Lotus
#52 Buses Resume Normal Routing <br/>,52,,1453887001,Low,Buses Resume Normal Route
TCU#72 North Reroute at North/Lotus,72,,1453888801,Medium,Reroute at North/Lotus
#52 Buses Resume Normal Routing <br/>,52,,1453888801,Low,Buses Resume Normal Route
TCU#72 North Reroute at North/Lotus,72,,1453890600,Medium,Reroute at North/Lotus
#52 Buses Resume Normal Routing <br/>,52,,1453890600,Low,Buses Resume Normal Route
TCU#72 North Reroute at North/Lotus,72,,1453892400,Medium,Reroute at North/Lotus
#52 Buses Resume Normal Routing <br/>,52,,1453892400,Low,Buses Resume Normal Route
TCU#72 North Reroute at North/Lotus,72,,1453894200,Medium,Reroute at North/Lotus
#52 Buses Resume Normal Routing <br/>,52,,1453894200,Low,Buses Resume Normal Route
TCU#72 North Reroute at North/Lotus,72,,1453896007,Medium,Reroute at North/Lotus
#52 Buses Resume Normal Routing <br/>,52,,1453896007,Low,Buses Resume Normal Route
TCU#72 North Reroute at North/Lotus,72,,1453897800,Medium,Reroute at North/Lotus
#52 Buses Resume Normal Routing <br/>,52,,1453897800,Low,Buses Resume Normal Route
TCU#72 North Reroute at North/Lotus,72,,1453899601,Medium,Reroute at North/Lotus
#52 Buses Resume Normal Routing <br/>,52,,1453899601,Low,Buses Resume Normal Route
TCU#72 North Reroute at North/Lotus,72,,1453901401,Medium,Reroute at North/Lotus
#52 Buses Resume Normal Routing <br/>,52,,1453901401,Low,Buses Resume Normal Route
TCU#72 North Reroute at North/Lotus,72,,1453903202,Medium,Reroute at North/Lotus
#52 Buses Resume Normal Routing <br/>,52,,1453903202,Low,Buses Resume Normal Route
TCU#72 North Reroute at North/Lotus,72,,1453905001,Medium,Reroute at North/Lotus
#52 Buses Resume Normal Routing <br/>,52,,1453905001,Low,Buses Resume Normal Route
TCU#72 North Reroute at North/Lotus,72,,1453906801,Medium,Reroute at North/Lotus
#52 Buses Resume Normal Routing <br/>,52,,1453906801,Low,Buses Resume Normal Route
TCU#72 North Reroute at North/Lotus,72,,1453908601,Medium,Reroute at North/Lotus
#52 Buses Resume Normal Routing <br/>,52,,1453908601,Low,Buses Resume Normal Route
TCU#72 North Reroute at North/Lotus,72,,1453910401,Medium,Reroute at North/Lotus
#52 Buses Resume Normal Routing <br/>,52,,1453910401,Low,Buses Resume Normal Route
TCU#72 North Reroute at North/Lotus,72,,1453912201,Medium,Reroute at North/Lotus
#52 Buses Resume Normal Routing <br/>,52,,1453912201,Low,Buses Resume Normal Route
TCU#72 North Reroute at North/Lotus,72,,1453914001,Medium,Reroute at North/Lotus
#52 Buses Resume Normal Routing <br/>,52,,1453914001,Low,Buses Resume Normal Route
TCU#72 North Reroute at North/Lotus,72,,1453915801,Medium,Reroute at North/Lotus
#52 Buses Resume Normal Routing <br/>,52,,1453915801,Low,Buses Resume Normal Route
TCU#72 North Reroute at North/Lotus,72,,1453917600,Medium,Reroute at North/Lotus
#52 Buses Resume Normal Routing <br/>,52,,1453917600,Low,Buses Resume Normal Route
TCU#72 North Reroute at North/Lotus,72,,1453919402,Medium,Reroute at North/Lotus
#52 Buses Resume Normal Routing <br/>,52,,1453919402,Low,Buses Resume Normal Route
TCU#72 North Reroute at North/Lotus,72,,1453921201,Medium,Reroute at North/Lotus
#52 Buses Resume Normal Routing <br/>,52,,1453921201,Low,Buses Resume Normal Route
TCU#72 North Reroute at North/Lotus,72,,1453923001,Medium,Reroute at North/Lotus
#52 Buses Resume Normal Routing <br/>,52,,1453923001,Low,Buses Resume Normal Route
TCU#72 North Reroute at North/Lotus,72,,1453924801,Medium,Reroute at North/Lotus
#52 Buses Resume Normal Routing <br/>,52,,1453924801,Low,Buses Resume Normal Route
TCU#72 North Reroute at North/Lotus,72,,1453926600,Medium,Reroute at North/Lotus
#52 Buses Resume Normal Routing <br/>,52,,1453926600,Low,Buses Resume Normal Route
TCU#72 North Reroute at North/Lotus,72,,1453928402,Medium,Reroute at North/Lotus
#52 Buses Resume Normal Routing <br/>,52,,1453928402,Low,Buses Resume Normal Route
TCU#72 North Reroute at North/Lotus,72,,1453930201,Medium,Reroute at North/Lotus
#52 Buses Resume Normal Routing <br/>,52,,1453930201,Low,Buses Resume Normal Route
TCU#72 North Reroute at North/Lotus,72,,1453932002,Medium,Reroute at North/Lotus
#52 Buses Resume Normal Routing <br/>,52,,1453932002,Low,Buses Resume Normal Route
TCU#72 North Reroute at North/Lotus,72,,1453933802,Medium,Reroute at North/Lotus
#52 Buses Resume Normal Routing <br/>,52,,1453933802,Low,Buses Resume Normal Route
TCU#72 North Reroute at North/Lotus,72,,1453935601,Medium,Reroute at North/Lotus
#52 Buses Resume Normal Routing <br/>,52,,1453935601,Low,Buses Resume Normal Route
TCU#72 North Reroute at North/Lotus,72,,1453937401,Medium,Reroute at North/Lotus
#52 Buses Resume Normal Routing <br/>,52,,1453937401,Low,Buses Resume Normal Route
TCU#72 North Reroute at North/Lotus,72,,1453939201,Medium,Reroute at North/Lotus
#52 Buses Resume Normal Routing <br/>,52,,1453939201,Low,Buses Resume Normal Route
TCU#72 North Reroute at North/Lotus,72,,1453941001,Medium,Reroute at North/Lotus
#52 Buses Resume Normal Routing <br/>,52,,1453941001,Low,Buses Resume Normal Route
TCU#72 North Reroute at North/Lotus,72,,1453942801,Medium,Reroute at North/Lotus
#52 Buses Resume Normal Routing <br/>,52,,1453942801,Low,Buses Resume Normal Route
TCU#72 North Reroute at North/Lotus,72,,1453944601,Medium,Reroute at North/Lotus
#52 Buses Resume Normal Routing <br/>,52,,1453944601,Low,Buses Resume Normal Route
TCU#72 North Reroute at North/Lotus,72,,1453946401,Medium,Reroute at North/Lotus
#52 Buses Resume Normal Routing <br/>,52,,1453946401,Low,Buses Resume Normal Route
TCU#72 North Reroute at North/Lotus,72,,1453948202,Medium,Reroute at North/Lotus
#52 Buses Resume Normal Routing <br/>,52,,1453948202,Low,Buses Resume Normal Route
TCU#72 North Reroute at North/Lotus,72,,1453950001,Medium,Reroute at North/Lotus
#52 Buses Resume Normal Routing <br/>,52,,1453950001,Low,Buses Resume Normal Route
TCU#72 North Reroute at North/Lotus,72,,1453951801,Medium,Reroute at North/Lotus
#52 Buses Resume Normal Routing <br/>,52,,1453951801,Low,Buses Resume Normal Route
TCU#72 North Reroute at North/Lotus,72,,1453953601,Medium,Reroute at North/Lotus
#52 Buses Resume Normal Routing <br/>,52,,1453953601,Low,Buses Resume Normal Route
TCU#72 North Reroute at North/Lotus,72,,1453955402,Medium,Reroute at North/Lotus
#52 Buses Resume Normal Routing <br/>,52,,1453955402,Low,Buses Resume Normal Route
TCU#72 North Reroute at North/Lotus,72,,1453957201,Medium,Reroute at North/Lotus
#52 Buses Resume Normal Routing <br/>,52,,1453957201,Low,Buses Resume Normal Route
TCU#72 North Reroute at North/Lotus,72,,1453959001,Medium,Reroute at North/Lotus
#52 Buses Resume Normal Routing <br/>,52,,1453959001,Low,Buses Resume Normal Route
TCU#72 North Reroute at North/Lotus,72,,1453960811,Medium,Reroute at North/Lotus
#52 Buses Resume Normal Routing <br/>,52,,1453960811,Low,Buses Resume Normal Route
TCU#72 North Reroute at North/Lotus,72,,1453962601,Medium,Reroute at North/Lotus
#52 Buses Resume Normal Routing <br/>,52,,1453962601,Low,Buses Resume Normal Route
TCU#72 North Reroute at North/Lotus,72,,1453964401,Medium,Reroute at North/Lotus
#52 Buses Resume Normal Routing <br/>,52,,1453964401,Low,Buses Resume Normal Route
TCU#72 North Reroute at North/Lotus,72,,1453968002,Medium,Reroute at North/Lotus
#52 Buses Resume Normal Routing <br/>,52,,1453968002,Low,Buses Resume Normal Route
TCU#72 North Reroute at North/Lotus,72,,1453969802,Medium,Reroute at North/Lotus
#52 Buses Resume Normal Routing <br/>,52,,1453969802,Low,Buses Resume Normal Route
TCU#72 North Reroute at North/Lotus,72,,1453971601,Medium,Reroute at North/Lotus
#52 Buses Resume Normal Routing <br/>,52,,1453971601,Low,Buses Resume Normal Route
TCU#72 North Reroute at North/Lotus,72,,1453973401,Medium,Reroute at North/Lotus
#52 Buses Resume Normal Routing <br/>,52,,1453973401,Low,Buses Resume Normal Route
TCU#72 North Reroute at North/Lotus,72,,1453975201,Medium,Reroute at North/Lotus
#52 Buses Resume Normal Routing <br/>,52,,1453975201,Low,Buses Resume Normal Route
TCU#72 North Reroute at North/Lotus,72,,1453977001,Medium,Reroute at North/Lotus
#52 Buses Resume Normal Routing <br/>,52,,1453977001,Low,Buses Resume Normal Route
TCU#72 North Reroute at North/Lotus,72,,1453978801,Medium,Reroute at North/Lotus
#52 Buses Resume Normal Routing <br/>,52,,1453978801,Low,Buses Resume Normal Route
TCU#72 North Reroute at North/Lotus,72,,1453980601,Medium,Reroute at North/Lotus
#52 Buses Resume Normal Routing <br/>,52,,1453980601,Low,Buses Resume Normal Route
TCU#72 North Reroute at North/Lotus,72,,1453982406,Medium,Reroute at North/Lotus
#52 Buses Resume Normal Routing <br/>,52,,1453982406,Low,Buses Resume Normal Route
TCU#72 North Reroute at North/Lotus,72,,1453984201,Medium,Reroute at North/Lotus
#52 Buses Resume Normal Routing <br/>,52,,1453984201,Low,Buses Resume Normal Route
TCU#72 North Reroute at North/Lotus,72,,1453986000,Medium,Reroute at North/Lotus
#52 Buses Resume Normal Routing <br/>,52,,1453986000,Low,Buses Resume Normal Route
TCU#72 North Reroute at North/Lotus,72,,1453987802,Medium,Reroute at North/Lotus
#52 Buses Resume Normal Routing <br/>,52,,1453987802,Low,Buses Resume Normal Route
TCU#72 North Reroute at North/Lotus,72,,1453989602,Medium,Reroute at North/Lotus
#52 Buses Resume Normal Routing <br/>,52,,1453989602,Low,Buses Resume Normal Route
TCU#72 North Reroute at North/Lotus,72,,1453991401,Medium,Reroute at North/Lotus
#52 Buses Resume Normal Routing <br/>,52,,1453991401,Low,Buses Resume Normal Route
TCU#72 North Reroute at North/Lotus,72,,1453993201,Medium,Reroute at North/Lotus
#52 Buses Resume Normal Routing <br/>,52,,1453993201,Low,Buses Resume Normal Route
TCU#72 North Reroute at North/Lotus,72,,1453995001,Medium,Reroute at North/Lotus
#52 Buses Resume Normal Routing <br/>,52,,1453995001,Low,Buses Resume Normal Route
TCU#72 North Reroute at North/Lotus,72,,1453996801,Medium,Reroute at North/Lotus
#52 Buses Resume Normal Routing <br/>,52,,1453996801,Low,Buses Resume Normal Route
TCU#72 North Reroute at North/Lotus,72,,1453998601,Medium,Reroute at North/Lotus
#52 Buses Resume Normal Routing <br/>,52,,1453998601,Low,Buses Resume Normal Route
TCU#72 North Reroute at North/Lotus,72,,1454000401,Medium,Reroute at North/Lotus
#52 Buses Resume Normal Routing <br/>,52,,1454000401,Low,Buses Resume Normal Route
TCU#72 North Reroute at North/Lotus,72,,1454002201,Medium,Reroute at North/Lotus
#52 Buses Resume Normal Routing <br/>,52,,1454002201,Low,Buses Resume Normal Route
TCU#72 North Reroute at North/Lotus,72,,1454004001,Medium,Reroute at North/Lotus
#52 Buses Resume Normal Routing <br/>,52,,1454004001,Low,Buses Resume Normal Route
TCU#72 North Reroute at North/Lotus,72,,1454005801,Medium,Reroute at North/Lotus
#52 Buses Resume Normal Routing <br/>,52,,1454005801,Low,Buses Resume Normal Route
TCU#72 North Reroute at North/Lotus,72,,1454007601,Medium,Reroute at North/Lotus
#52 Buses Resume Normal Routing <br/>,52,,1454007601,Low,Buses Resume Normal Route
TCU#72 North Reroute at North/Lotus,72,,1454009401,Medium,Reroute at North/Lotus
#52 Buses Resume Normal Routing <br/>,52,,1454009401,Low,Buses Resume Normal Route
TCU#72 North Reroute at North/Lotus,72,,1454011201,Medium,Reroute at North/Lotus
#52 Buses Resume Normal Routing <br/>,52,,1454011201,Low,Buses Resume Normal Route
TCU#72 North Reroute at North/Lotus,72,,1454013001,Medium,Reroute at North/Lotus
#52 Buses Resume Normal Routing <br/>,52,,1454013001,Low,Buses Resume Normal Route
TCU#72 North Reroute at North/Lotus,72,,1454014801,Medium,Reroute at North/Lotus
#52 Buses Resume Normal Routing <br/>,52,,1454014801,Low,Buses Resume Normal Route
TCU#72 North Reroute at North/Lotus,72,,1454016601,Medium,Reroute at North/Lotus
#52 Buses Resume Normal Routing <br/>,52,,1454016601,Low,Buses Resume Normal Route
TCU#72 North Reroute at North/Lotus,72,,1454018401,Medium,Reroute at North/Lotus
#52 Buses Resume Normal Routing <br/>,52,,1454018401,Low,Buses Resume Normal Route
TCU#72 North Reroute at North/Lotus,72,,1454020200,Medium,Reroute at North/Lotus
#52 Buses Resume Normal Routing <br/>,52,,1454020200,Low,Buses Resume Normal Route
TCU#72 North Reroute at North/Lotus,72,,1454022001,Medium,Reroute at North/Lotus
#52 Buses Resume Normal Routing <br/>,52,,1454022001,Low,Buses Resume Normal Route
TCU#72 North Reroute at North/Lotus,72,,1454023800,Medium,Reroute at North/Lotus
#52 Buses Resume Normal Routing <br/>,52,,1454023800,Low,Buses Resume Normal Route
TCU#72 North Reroute at North/Lotus,72,,1454025601,Medium,Reroute at North/Lotus
#52 Buses Resume Normal Routing <br/>,52,,1454025601,Low,Buses Resume Normal Route
TCU#72 North Reroute at North/Lotus,72,,1454027401,Medium,Reroute at North/Lotus
#52 Buses Resume Normal Routing <br/>,52,,1454027401,Low,Buses Resume Normal Route
TCU#72 North Reroute at North/Lotus,72,,1454029201,Medium,Reroute at North/Lotus
#52 Buses Resume Normal Routing <br/>,52,,1454029201,Low,Buses Resume Normal Route
TCU#72 North Reroute at North/Lotus,72,,1454031002,Medium,Reroute at North/Lotus
#52 Buses Resume Normal Routing <br/>,52,,1454031002,Low,Buses Resume Normal Route
TCU#72 North Reroute at North/Lotus,72,,1454032801,Medium,Reroute at North/Lotus
#52 Buses Resume Normal Routing <br/>,52,,1454032801,Low,Buses Resume Normal Route
TCU#72 North Reroute at North/Lotus,72,,1454034601,Medium,Reroute at North/Lotus
#52 Buses Resume Normal Routing <br/>,52,,1454034601,Low,Buses Resume Normal Route
TCU#72 North Reroute at North/Lotus,72,,1454036402,Medium,Reroute at North/Lotus
#52 Buses Resume Normal Routing <br/>,52,,1454036402,Low,Buses Resume Normal Route
TCU#72 North Reroute at North/Lotus,72,,1454038202,Medium,Reroute at North/Lotus
#52 Buses Resume Normal Routing <br/>,52,,1454038202,Low,Buses Resume Normal Route
TCU#72 North Reroute at North/Lotus,72,,1454040001,Medium,Reroute at North/Lotus
#52 Buses Resume Normal Routing <br/>,52,,1454040001,Low,Buses Resume Normal Route
TCU#72 North Reroute at North/Lotus,72,,1454041802,Medium,Reroute at North/Lotus
#52 Buses Resume Normal Routing <br/>,52,,1454041802,Low,Buses Resume Normal Route
TCU#72 North Reroute at North/Lotus,72,,1454043601,Medium,Reroute at North/Lotus
#52 Buses Resume Normal Routing <br/>,52,,1454043601,Low,Buses Resume Normal Route
TCU#72 North Reroute at North/Lotus,72,,1454045402,Medium,Reroute at North/Lotus
#52 Buses Resume Normal Routing <br/>,52,,1454045402,Low,Buses Resume Normal Route
TCU#72 North Reroute at North/Lotus,72,,1454047207,Medium,Reroute at North/Lotus
#52 Buses Resume Normal Routing <br/>,52,,1454047207,Low,Buses Resume Normal Route
TCU#72 North Reroute at North/Lotus,72,,1454049001,Medium,Reroute at North/Lotus
#52 Buses Resume Normal Routing <br/>,52,,1454049001,Low,Buses Resume Normal Route
TCU#72 North Reroute at North/Lotus,72,,1454050801,Medium,Reroute at North/Lotus
#52 Buses Resume Normal Routing <br/>,52,,1454050801,Low,Buses Resume Normal Route
TCU#72 North Reroute at North/Lotus,72,,1454052601,Medium,Reroute at North/Lotus
#52 Buses Resume Normal Routing <br/>,52,,1454052601,Low,Buses Resume Normal Route
TCU#72 North Reroute at North/Lotus,72,,1454054400,Medium,Reroute at North/Lotus
#52 Buses Resume Normal Routing <br/>,52,,1454054400,Low,Buses Resume Normal Route
TCU#72 North Reroute at North/Lotus,72,,1454056201,Medium,Reroute at North/Lotus
#52 Buses Resume Normal Routing <br/>,52,,1454056201,Low,Buses Resume Normal Route
TCU#72 North Reroute at North/Lotus,72,,1454058000,Medium,Reroute at North/Lotus
#52 Buses Resume Normal Routing <br/>,52,,1454058000,Low,Buses Resume Normal Route
TCU#72 North Reroute at North/Lotus,72,,1454059801,Medium,Reroute at North/Lotus
#52 Buses Resume Normal Routing <br/>,52,,1454059801,Low,Buses Resume Normal Route
TCU#72 North Reroute at North/Lotus,72,,1454061601,Medium,Reroute at North/Lotus
#52 Buses Resume Normal Routing <br/>,52,,1454061601,Low,Buses Resume Normal Route
TCU#72 North Reroute at North/Lotus,72,,1454063401,Medium,Reroute at North/Lotus
#52 Buses Resume Normal Routing <br/>,52,,1454063401,Low,Buses Resume Normal Route
TCU#72 North Reroute at North/Lotus,72,,1454065201,Medium,Reroute at North/Lotus
#52 Buses Resume Normal Routing <br/>,52,,1454065201,Low,Buses Resume Normal Route
TCU#72 North Reroute at North/Lotus,72,,1454067000,Medium,Reroute at North/Lotus
#52 Buses Resume Normal Routing <br/>,52,,1454067000,Low,Buses Resume Normal Route
TCU#72 North Reroute at North/Lotus,72,,1454068806,Medium,Reroute at North/Lotus
#52 Buses Resume Normal Routing <br/>,52,,1454068806,Low,Buses Resume Normal Route
TCU#72 North Reroute at North/Lotus,72,,1454070601,Medium,Reroute at North/Lotus
#52 Buses Resume Normal Routing <br/>,52,,1454070601,Low,Buses Resume Normal Route
TCU#72 North Reroute at North/Lotus,72,,1454072401,Medium,Reroute at North/Lotus
#52 Buses Resume Normal Routing <br/>,52,,1454072401,Low,Buses Resume Normal Route
TCU#72 North Reroute at North/Lotus,72,,1454074202,Medium,Reroute at North/Lotus
#52 Buses Resume Normal Routing <br/>,52,,1454074202,Low,Buses Resume Normal Route
TCU#72 North Reroute at North/Lotus,72,,1454076001,Medium,Reroute at North/Lotus
#52 Buses Resume Normal Routing <br/>,52,,1454076001,Low,Buses Resume Normal Route
TCU#72 North Reroute at North/Lotus,72,,1454077802,Medium,Reroute at North/Lotus
#52 Buses Resume Normal Routing <br/>,52,,1454077802,Low,Buses Resume Normal Route
TCU#72 North Reroute at North/Lotus,72,,1454079601,Medium,Reroute at North/Lotus
#52 Buses Resume Normal Routing <br/>,52,,1454079601,Low,Buses Resume Normal Route
TCU#72 North Reroute at North/Lotus,72,,1454081402,Medium,Reroute at North/Lotus
#52 Buses Resume Normal Routing <br/>,52,,1454081402,Low,Buses Resume Normal Route
TCU#72 North Reroute at North/Lotus,72,,1454083202,Medium,Reroute at North/Lotus
#52 Buses Resume Normal Routing <br/>,52,,1454083202,Low,Buses Resume Normal Route
TCU#72 North Reroute at North/Lotus,72,,1454085001,Medium,Reroute at North/Lotus
#52 Buses Resume Normal Routing <br/>,52,,1454085001,Low,Buses Resume Normal Route
TCU#72 North Reroute at North/Lotus,72,,1454086801,Medium,Reroute at North/Lotus
#52 Buses Resume Normal Routing <br/>,52,,1454086801,Low,Buses Resume Normal Route
TCU#72 North Reroute at North/Lotus,72,,1454088601,Medium,Reroute at North/Lotus
#52 Buses Resume Normal Routing <br/>,52,,1454088601,Low,Buses Resume Normal Route
TCU#72 North Reroute at North/Lotus,72,,1454090401,Medium,Reroute at North/Lotus
#52 Buses Resume Normal Routing <br/>,52,,1454090401,Low,Buses Resume Normal Route
TCU#72 North Reroute at North/Lotus,72,,1454092201,Medium,Reroute at North/Lotus
#52 Buses Resume Normal Routing <br/>,52,,1454092201,Low,Buses Resume Normal Route
TCU#72 North Reroute at North/Lotus,72,,1454094001,Medium,Reroute at North/Lotus
#52 Buses Resume Normal Routing <br/>,52,,1454094001,Low,Buses Resume Normal Route
TCU#72 North Reroute at North/Lotus,72,,1454095802,Medium,Reroute at North/Lotus
#52 Buses Resume Normal Routing <br/>,52,,1454095802,Low,Buses Resume Normal Route
TCU#72 North Reroute at North/Lotus,72,,1454097601,Medium,Reroute at North/Lotus
#52 Buses Resume Normal Routing <br/>,52,,1454097601,Low,Buses Resume Normal Route
TCU#72 North Reroute at North/Lotus,72,,1454099401,Medium,Reroute at North/Lotus
#52 Buses Resume Normal Routing <br/>,52,,1454099401,Low,Buses Resume Normal Route
TCU#72 North Reroute at North/Lotus,72,,1454101202,Medium,Reroute at North/Lotus
#52 Buses Resume Normal Routing <br/>,52,,1454101202,Low,Buses Resume Normal Route
TCU#72 North Reroute at North/Lotus,72,,1454103001,Medium,Reroute at North/Lotus
#52 Buses Resume Normal Routing <br/>,52,,1454103001,Low,Buses Resume Normal Route
TCU#72 North Reroute at North/Lotus,72,,1454104801,Medium,Reroute at North/Lotus
#52 Buses Resume Normal Routing <br/>,52,,1454104801,Low,Buses Resume Normal Route
TCU#72 North Reroute at North/Lotus,72,,1454106601,Medium,Reroute at North/Lotus
#52 Buses Resume Normal Routing <br/>,52,,1454106601,Low,Buses Resume Normal Route
TCU#72 North Reroute at North/Lotus,72,,1454108401,Medium,Reroute at North/Lotus
#52 Buses Resume Normal Routing <br/>,52,,1454108401,Low,Buses Resume Normal Route
TCU#72 North Reroute at North/Lotus,72,,1454110201,Medium,Reroute at North/Lotus
#52 Buses Resume Normal Routing <br/>,52,,1454110201,Low,Buses Resume Normal Route
TCU#72 North Reroute at North/Lotus,72,,1454112002,Medium,Reroute at North/Lotus
#52 Buses Resume Normal Routing <br/>,52,,1454112002,Low,Buses Resume Normal Route
TCU#72 North Reroute at North/Lotus,72,,1454113800,Medium,Reroute at North/Lotus
#52 Buses Resume Normal Routing <br/>,52,,1454113800,Low,Buses Resume Normal Route
TCU#72 North Reroute at North/Lotus,72,,1454115601,Medium,Reroute at North/Lotus
#52 Buses Resume Normal Routing <br/>,52,,1454115601,Low,Buses Resume Normal Route
TCU#72 North Reroute at North/Lotus,72,,1454117401,Medium,Reroute at North/Lotus
#52 Buses Resume Normal Routing <br/>,52,,1454117401,Low,Buses Resume Normal Route
TCU#72 North Reroute at North/Lotus,72,,1454119201,Medium,Reroute at North/Lotus
#52 Buses Resume Normal Routing <br/>,52,,1454119201,Low,Buses Resume Normal Route
TCU#72 North Reroute at North/Lotus,72,,1454121001,Medium,Reroute at North/Lotus
#52 Buses Resume Normal Routing <br/>,52,,1454121001,Low,Buses Resume Normal Route
TCU#72 North Reroute at North/Lotus,72,,1454122800,Medium,Reroute at North/Lotus
#52 Buses Resume Normal Routing <br/>,52,,1454122800,Low,Buses Resume Normal Route
TCU#72 North Reroute at North/Lotus,72,,1454124601,Medium,Reroute at North/Lotus
#52 Buses Resume Normal Routing <br/>,52,,1454124601,Low,Buses Resume Normal Route
TCU#72 North Reroute at North/Lotus,72,,1454126401,Medium,Reroute at North/Lotus
#52 Buses Resume Normal Routing <br/>,52,,1454126401,Low,Buses Resume Normal Route
TCU#72 North Reroute at North/Lotus,72,,1454128201,Medium,Reroute at North/Lotus
#52 Buses Resume Normal Routing <br/>,52,,1454128201,Low,Buses Resume Normal Route
TCU#72 North Reroute at North/Lotus,72,,1454130002,Medium,Reroute at North/Lotus
#52 Buses Resume Normal Routing <br/>,52,,1454130002,Low,Buses Resume Normal Route
TCU#72 North Reroute at North/Lotus,72,,1454131801,Medium,Reroute at North/Lotus
#52 Buses Resume Normal Routing <br/>,52,,1454131801,Low,Buses Resume Normal Route
TCU#72 North Reroute at North/Lotus,72,,1454133607,Medium,Reroute at North/Lotus
#52 Buses Resume Normal Routing <br/>,52,,1454133607,Low,Buses Resume Normal Route
TCU#72 North Reroute at North/Lotus,72,,1454135401,Medium,Reroute at North/Lotus
#52 Buses Resume Normal Routing <br/>,52,,1454135401,Low,Buses Resume Normal Route
TCU#72 North Reroute at North/Lotus,72,,1454137201,Medium,Reroute at North/Lotus
#52 Buses Resume Normal Routing <br/>,52,,1454137201,Low,Buses Resume Normal Route
TCU#72 North Reroute at North/Lotus,72,,1454139001,Medium,Reroute at North/Lotus
#52 Buses Resume Normal Routing <br/>,52,,1454139001,Low,Buses Resume Normal Route
TCU#72 North Reroute at North/Lotus,72,,1454140800,Medium,Reroute at North/Lotus
#52 Buses Resume Normal Routing <br/>,52,,1454140800,Low,Buses Resume Normal Route
TCU#72 North Reroute at North/Lotus,72,,1454142602,Medium,Reroute at North/Lotus
#52 Buses Resume Normal Routing <br/>,52,,1454142602,Low,Buses Resume Normal Route
TCU#72 North Reroute at North/Lotus,72,,1454144402,Medium,Reroute at North/Lotus
#52 Buses Resume Normal Routing <br/>,52,,1454144402,Low,Buses Resume Normal Route
TCU#72 North Reroute at North/Lotus,72,,1454146202,Medium,Reroute at North/Lotus
#52 Buses Resume Normal Routing <br/>,52,,1454146202,Low,Buses Resume Normal Route
TCU#72 North Reroute at North/Lotus,72,,1454148002,Medium,Reroute at North/Lotus
#52 Buses Resume Normal Routing <br/>,52,,1454148002,Low,Buses Resume Normal Route
TCU#72 North Reroute at North/Lotus,72,,1454149801,Medium,Reroute at North/Lotus
#52 Buses Resume Normal Routing <br/>,52,,1454149801,Low,Buses Resume Normal Route
TCU#72 North Reroute at North/Lotus,72,,1454151602,Medium,Reroute at North/Lotus
#52 Buses Resume Normal Routing <br/>,52,,1454151602,Low,Buses Resume Normal Route
TCU#72 North Reroute at North/Lotus,72,,1454153400,Medium,Reroute at North/Lotus
#52 Buses Resume Normal Routing <br/>,52,,1454153400,Low,Buses Resume Normal Route
TCU#72 North Reroute at North/Lotus,72,,1454155206,Medium,Reroute at North/Lotus
#52 Buses Resume Normal Routing <br/>,52,,1454155206,Low,Buses Resume Normal Route
TCU#72 North Reroute at North/Lotus,72,,1454157001,Medium,Reroute at North/Lotus
#52 Buses Resume Normal Routing <br/>,52,,1454157001,Low,Buses Resume Normal Route
TCU#72 North Reroute at North/Lotus,72,,1454158802,Medium,Reroute at North/Lotus
#52 Buses Resume Normal Routing <br/>,52,,1454158802,Low,Buses Resume Normal Route
TCU#72 North Reroute at North/Lotus,72,,1454160602,Medium,Reroute at North/Lotus
#52 Buses Resume Normal Routing <br/>,52,,1454160602,Low,Buses Resume Normal Route
TCU#72 North Reroute at North/Lotus,72,,1454162401,Medium,Reroute at North/Lotus
#52 Buses Resume Normal Routing <br/>,52,,1454162401,Low,Buses Resume Normal Route
TCU#72 North Reroute at North/Lotus,72,,1454164202,Medium,Reroute at North/Lotus
#52 Buses Resume Normal Routing <br/>,52,,1454164202,Low,Buses Resume Normal Route
TCU#72 North Reroute at North/Lotus,72,,1454166001,Medium,Reroute at North/Lotus
#52 Buses Resume Normal Routing <br/>,52,,1454166001,Low,Buses Resume Normal Route
TCU#72 North Reroute at North/Lotus,72,,1454167802,Medium,Reroute at North/Lotus
#52 Buses Resume Normal Routing <br/>,52,,1454167802,Low,Buses Resume Normal Route
TCU#72 North Reroute at North/Lotus,72,,1454169601,Medium,Reroute at North/Lotus
#52 Buses Resume Normal Routing <br/>,52,,1454169601,Low,Buses Resume Normal Route
TCU#72 North Reroute at North/Lotus,72,,1454171402,Medium,Reroute at North/Lotus
#52 Buses Resume Normal Routing <br/>,52,,1454171402,Low,Buses Resume Normal Route
TCU#72 North Reroute at North/Lotus,72,,1454173201,Medium,Reroute at North/Lotus
#52 Buses Resume Normal Routing <br/>,52,,1454173201,Low,Buses Resume Normal Route
TCU#72 North Reroute at North/Lotus,72,,1454175001,Medium,Reroute at North/Lotus
#52 Buses Resume Normal Routing <br/>,52,,1454175001,Low,Buses Resume Normal Route
TCU#72 North Reroute at North/Lotus,72,,1454176802,Medium,Reroute at North/Lotus
#52 Buses Resume Normal Routing <br/>,52,,1454176802,Low,Buses Resume Normal Route
TCU#72 North Reroute at North/Lotus,72,,1454178602,Medium,Reroute at North/Lotus
#52 Buses Resume Normal Routing <br/>,52,,1454178602,Low,Buses Resume Normal Route
TCU#72 North Reroute at North/Lotus,72,,1454180401,Medium,Reroute at North/Lotus
#52 Buses Resume Normal Routing <br/>,52,,1454180401,Low,Buses Resume Normal Route
TCU#72 North Reroute at North/Lotus,72,,1454182201,Medium,Reroute at North/Lotus
#52 Buses Resume Normal Routing <br/>,52,,1454182201,Low,Buses Resume Normal Route
TCU#72 North Reroute at North/Lotus,72,,1454184002,Medium,Reroute at North/Lotus
#52 Buses Resume Normal Routing <br/>,52,,1454184002,Low,Buses Resume Normal Route
TCU#72 North Reroute at North/Lotus,72,,1454185801,Medium,Reroute at North/Lotus
#52 Buses Resume Normal Routing <br/>,52,,1454185801,Low,Buses Resume Normal Route
TCU#72 North Reroute at North/Lotus,72,,1454187602,Medium,Reroute at North/Lotus
#52 Buses Resume Normal Routing <br/>,52,,1454187602,Low,Buses Resume Normal Route
TCU#72 North Reroute at North/Lotus,72,,1454189401,Medium,Reroute at North/Lotus
#52 Buses Resume Normal Routing <br/>,52,,1454189401,Low,Buses Resume Normal Route
TCU#72 North Reroute at North/Lotus,72,,1454191202,Medium,Reroute at North/Lotus
#52 Buses Resume Normal Routing <br/>,52,,1454191202,Low,Buses Resume Normal Route
TCU#72 North Reroute at North/Lotus,72,,1454193000,Medium,Reroute at North/Lotus
#52 Buses Resume Normal Routing <br/>,52,,1454193000,Low,Buses Resume Normal Route
TCU#72 North Reroute at North/Lotus,72,,1454194802,Medium,Reroute at North/Lotus
#52 Buses Resume Normal Routing <br/>,52,,1454194802,Low,Buses Resume Normal Route
TCU#72 North Reroute at North/Lotus,72,,1454196601,Medium,Reroute at North/Lotus
#52 Buses Resume Normal Routing <br/>,52,,1454196601,Low,Buses Resume Normal Route
TCU#72 North Reroute at North/Lotus,72,,1454198401,Medium,Reroute at North/Lotus
#52 Buses Resume Normal Routing <br/>,52,,1454198401,Low,Buses Resume Normal Route
TCU#72 North Reroute at North/Lotus,72,,1454200201,Medium,Reroute at North/Lotus
#52 Buses Resume Normal Routing <br/>,52,,1454200201,Low,Buses Resume Normal Route
TCU#72 North Reroute at North/Lotus,72,,1454202001,Medium,Reroute at North/Lotus
#52 Buses Resume Normal Routing <br/>,52,,1454202001,Low,Buses Resume Normal Route
TCU#72 North Reroute at North/Lotus,72,,1454203801,Medium,Reroute at North/Lotus
#52 Buses Resume Normal Routing <br/>,52,,1454203801,Low,Buses Resume Normal Route
TCU#72 North Reroute at North/Lotus,72,,1454205601,Medium,Reroute at North/Lotus
#52 Buses Resume Normal Routing <br/>,52,,1454205601,Low,Buses Resume Normal Route
TCU#72 North Reroute at North/Lotus,72,,1454207401,Medium,Reroute at North/Lotus
#52 Buses Resume Normal Routing <br/>,52,,1454207401,Low,Buses Resume Normal Route
TCU#72 North Reroute at North/Lotus,72,,1454209201,Medium,Reroute at North/Lotus
#52 Buses Resume Normal Routing <br/>,52,,1454209201,Low,Buses Resume Normal Route
TCU#72 North Reroute at North/Lotus,72,,1454211002,Medium,Reroute at North/Lotus
#52 Buses Resume Normal Routing <br/>,52,,1454211002,Low,Buses Resume Normal Route
TCU#72 North Reroute at North/Lotus,72,,1454212801,Medium,Reroute at North/Lotus
#52 Buses Resume Normal Routing <br/>,52,,1454212801,Low,Buses Resume Normal Route
TCU#72 North Reroute at North/Lotus,72,,1454214601,Medium,Reroute at North/Lotus
#52 Buses Resume Normal Routing <br/>,52,,1454214601,Low,Buses Resume Normal Route
TCU#72 North Reroute at North/Lotus,72,,1454216402,Medium,Reroute at North/Lotus
#52 Buses Resume Normal Routing <br/>,52,,1454216402,Low,Buses Resume Normal Route
TCU#72 North Reroute at North/Lotus,72,,1454218201,Medium,Reroute at North/Lotus
#52 Buses Resume Normal Routing <br/>,52,,1454218201,Low,Buses Resume Normal Route
TCU#72 North Reroute at North/Lotus,72,,1454220005,Medium,Reroute at North/Lotus
#52 Buses Resume Normal Routing <br/>,52,,1454220005,Low,Buses Resume Normal Route
TCU#72 North Reroute at North/Lotus,72,,1454221801,Medium,Reroute at North/Lotus
#52 Buses Resume Normal Routing <br/>,52,,1454221801,Low,Buses Resume Normal Route
TCU#72 North Reroute at North/Lotus,72,,1454223601,Medium,Reroute at North/Lotus
#52 Buses Resume Normal Routing <br/>,52,,1454223601,Low,Buses Resume Normal Route
TCU#72 North Reroute at North/Lotus,72,,1454225401,Medium,Reroute at North/Lotus
#52 Buses Resume Normal Routing <br/>,52,,1454225401,Low,Buses Resume Normal Route
TCU#72 North Reroute at North/Lotus,72,,1454227201,Medium,Reroute at North/Lotus
#52 Buses Resume Normal Routing <br/>,52,,1454227201,Low,Buses Resume Normal Route
TCU#72 North Reroute at North/Lotus,72,,1454229001,Medium,Reroute at North/Lotus
#52 Buses Resume Normal Routing <br/>,52,,1454229001,Low,Buses Resume Normal Route
TCU#72 North Reroute at North/Lotus,72,,1454230801,Medium,Reroute at North/Lotus
#52 Buses Resume Normal Routing <br/>,52,,1454230801,Low,Buses Resume Normal Route
TCU#72 North Reroute at North/Lotus,72,,1454232601,Medium,Reroute at North/Lotus
#52 Buses Resume Normal Routing <br/>,52,,1454232601,Low,Buses Resume Normal Route
TCU#72 North Reroute at North/Lotus,72,,1454234401,Medium,Reroute at North/Lotus
#52 Buses Resume Normal Routing <br/>,52,,1454234401,Low,Buses Resume Normal Route
TCU#72 North Reroute at North/Lotus,72,,1454236201,Medium,Reroute at North/Lotus
#52 Buses Resume Normal Routing <br/>,52,,1454236201,Low,Buses Resume Normal Route
TCU#72 North Reroute at North/Lotus,72,,1454238001,Medium,Reroute at North/Lotus
#52 Buses Resume Normal Routing <br/>,52,,1454238001,Low,Buses Resume Normal Route
TCU#72 North Reroute at North/Lotus,72,,1454239801,Medium,Reroute at North/Lotus
#52 Buses Resume Normal Routing <br/>,52,,1454239801,Low,Buses Resume Normal Route
TCU#72 North Reroute at North/Lotus,72,,1454241602,Medium,Reroute at North/Lotus
#52 Buses Resume Normal Routing <br/>,52,,1454241602,Low,Buses Resume Normal Route
TCU#72 North Reroute at North/Lotus,72,,1454243401,Medium,Reroute at North/Lotus
#52 Buses Resume Normal Routing <br/>,52,,1454243401,Low,Buses Resume Normal Route
TCU#72 North Reroute at North/Lotus,72,,1454245201,Medium,Reroute at North/Lotus
#52 Buses Resume Normal Routing <br/>,52,,1454245201,Low,Buses Resume Normal Route
TCU#72 North Reroute at North/Lotus,72,,1454247002,Medium,Reroute at North/Lotus
#52 Buses Resume Normal Routing <br/>,52,,1454247002,Low,Buses Resume Normal Route
TCU#72 North Reroute at North/Lotus,72,,1454248801,Medium,Reroute at North/Lotus
#52 Buses Resume Normal Routing <br/>,52,,1454248801,Low,Buses Resume Normal Route
TCU#72 North Reroute at North/Lotus,72,,1454250601,Medium,Reroute at North/Lotus
#52 Buses Resume Normal Routing <br/>,52,,1454250601,Low,Buses Resume Normal Route
TCU#72 North Reroute at North/Lotus,72,,1454252402,Medium,Reroute at North/Lotus
#52 Buses Resume Normal Routing <br/>,52,,1454252402,Low,Buses Resume Normal Route
TCU#72 North Reroute at North/Lotus,72,,1454254201,Medium,Reroute at North/Lotus
#52 Buses Resume Normal Routing <br/>,52,,1454254201,Low,Buses Resume Normal Route
TCU#72 North Reroute at North/Lotus,72,,1454256001,Medium,Reroute at North/Lotus
#52 Buses Resume Normal Routing <br/>,52,,1454256001,Low,Buses Resume Normal Route
TCU#72 North Reroute at North/Lotus,72,,1454257801,Medium,Reroute at North/Lotus
#52 Buses Resume Normal Routing <br/>,52,,1454257801,Low,Buses Resume Normal Route
TCU#72 North Reroute at North/Lotus,72,,1454259601,Medium,Reroute at North/Lotus
#52 Buses Resume Normal Routing <br/>,52,,1454259601,Low,Buses Resume Normal Route
TCU#72 North Reroute at North/Lotus,72,,1454261402,Medium,Reroute at North/Lotus
#52 Buses Resume Normal Routing <br/>,52,,1454261402,Low,Buses Resume Normal Route
TCU#72 North Reroute at North/Lotus,72,,1454263201,Medium,Reroute at North/Lotus
#52 Buses Resume Normal Routing <br/>,52,,1454263201,Low,Buses Resume Normal Route
TCU#72 North Reroute at North/Lotus,72,,1454265001,Medium,Reroute at North/Lotus
#52 Buses Resume Normal Routing <br/>,52,,1454265001,Low,Buses Resume Normal Route
TCU#72 North Reroute at North/Lotus,72,,1454266801,Medium,Reroute at North/Lotus
#52 Buses Resume Normal Routing <br/>,52,,1454266801,Low,Buses Resume Normal Route
TCU#72 North Reroute at North/Lotus,72,,1454268601,Medium,Reroute at North/Lotus
#52 Buses Resume Normal Routing <br/>,52,,1454268601,Low,Buses Resume Normal Route
TCU#72 North Reroute at North/Lotus,72,,1454270402,Medium,Reroute at North/Lotus
#52 Buses Resume Normal Routing <br/>,52,,1454270402,Low,Buses Resume Normal Route
TCU#72 North Reroute at North/Lotus,72,,1454272202,Medium,Reroute at North/Lotus
#52 Buses Resume Normal Routing <br/>,52,,1454272202,Low,Buses Resume Normal Route
TCU#72 North Reroute at North/Lotus,72,,1454274001,Medium,Reroute at North/Lotus
#52 Buses Resume Normal Routing <br/>,52,,1454274001,Low,Buses Resume Normal Route
TCU#72 North Reroute at North/Lotus,72,,1454275802,Medium,Reroute at North/Lotus
#52 Buses Resume Normal Routing <br/>,52,,1454275802,Low,Buses Resume Normal Route
TCU#72 North Reroute at North/Lotus,72,,1454277601,Medium,Reroute at North/Lotus
#52 Buses Resume Normal Routing <br/>,52,,1454277601,Low,Buses Resume Normal Route
TCU#72 North Reroute at North/Lotus,72,,1454279401,Medium,Reroute at North/Lotus
#52 Buses Resume Normal Routing <br/>,52,,1454279401,Low,Buses Resume Normal Route
TCU#72 North Reroute at North/Lotus,72,,1454281201,Medium,Reroute at North/Lotus
#52 Buses Resume Normal Routing <br/>,52,,1454281201,Low,Buses Resume Normal Route
TCU#72 North Reroute at North/Lotus,72,,1454283002,Medium,Reroute at North/Lotus
#52 Buses Resume Normal Routing <br/>,52,,1454283002,Low,Buses Resume Normal Route
TCU#72 North Reroute at North/Lotus,72,,1454284801,Medium,Reroute at North/Lotus
#52 Buses Resume Normal Routing <br/>,52,,1454284801,Low,Buses Resume Normal Route
TCU#72 North Reroute at North/Lotus,72,,1454286601,Medium,Reroute at North/Lotus
#52 Buses Resume Normal Routing <br/>,52,,1454286601,Low,Buses Resume Normal Route
TCU#72 North Reroute at North/Lotus,72,,1454288401,Medium,Reroute at North/Lotus
#52 Buses Resume Normal Routing <br/>,52,,1454288401,Low,Buses Resume Normal Route
TCU#72 North Reroute at North/Lotus,72,,1454290201,Medium,Reroute at North/Lotus
#52 Buses Resume Normal Routing <br/>,52,,1454290201,Low,Buses Resume Normal Route
TCU#72 North Reroute at North/Lotus,72,,1454292002,Medium,Reroute at North/Lotus
#52 Buses Resume Normal Routing <br/>,52,,1454292002,Low,Buses Resume Normal Route
TCU#72 North Reroute at North/Lotus,72,,1454293801,Medium,Reroute at North/Lotus
#52 Buses Resume Normal Routing <br/>,52,,1454293801,Low,Buses Resume Normal Route
TCU#72 North Reroute at North/Lotus,72,,1454295601,Medium,Reroute at North/Lotus
#52 Buses Resume Normal Routing <br/>,52,,1454295601,Low,Buses Resume Normal Route
TCU#72 North Reroute at North/Lotus,72,,1454297401,Medium,Reroute at North/Lotus
#52 Buses Resume Normal Routing <br/>,52,,1454297401,Low,Buses Resume Normal Route
TCU#72 North Reroute at North/Lotus,72,,1454299201,Medium,Reroute at North/Lotus
#52 Buses Resume Normal Routing <br/>,52,,1454299201,Low,Buses Resume Normal Route
TCU#72 North Reroute at North/Lotus,72,,1454301000,Medium,Reroute at North/Lotus
#52 Buses Resume Normal Routing <br/>,52,,1454301000,Low,Buses Resume Normal Route
TCU#72 North Reroute at North/Lotus,72,,1454302801,Medium,Reroute at North/Lotus
#52 Buses Resume Normal Routing <br/>,52,,1454302801,Low,Buses Resume Normal Route
TCU#72 North Reroute at North/Lotus,72,,1454304602,Medium,Reroute at North/Lotus
#52 Buses Resume Normal Routing <br/>,52,,1454304602,Low,Buses Resume Normal Route
TCU#72 North Reroute at North/Lotus,72,,1454306406,Medium,Reroute at North/Lotus
#52 Buses Resume Normal Routing <br/>,52,,1454306406,Low,Buses Resume Normal Route
TCU#72 North Reroute at North/Lotus,72,,1454308201,Medium,Reroute at North/Lotus
#52 Buses Resume Normal Routing <br/>,52,,1454308201,Low,Buses Resume Normal Route
TCU#72 North Reroute at North/Lotus,72,,1454310001,Medium,Reroute at North/Lotus
#52 Buses Resume Normal Routing <br/>,52,,1454310001,Low,Buses Resume Normal Route
TCU#72 North Reroute at North/Lotus,72,,1454311802,Medium,Reroute at North/Lotus
#52 Buses Resume Normal Routing <br/>,52,,1454311802,Low,Buses Resume Normal Route
TCU#72 North Reroute at North/Lotus,72,,1454313601,Medium,Reroute at North/Lotus
#52 Buses Resume Normal Routing <br/>,52,,1454313601,Low,Buses Resume Normal Route
TCU#72 North Reroute at North/Lotus,72,,1454315401,Medium,Reroute at North/Lotus
#52 Buses Resume Normal Routing <br/>,52,,1454315401,Low,Buses Resume Normal Route
TCU#72 North Reroute at North/Lotus,72,,1454317201,Medium,Reroute at North/Lotus
#52 Buses Resume Normal Routing <br/>,52,,1454317201,Low,Buses Resume Normal Route
TCU#72 North Reroute at North/Lotus,72,,1454319000,Medium,Reroute at North/Lotus
#52 Buses Resume Normal Routing <br/>,52,,1454319000,Low,Buses Resume Normal Route
TCU#72 North Reroute at North/Lotus,72,,1454320801,Medium,Reroute at North/Lotus
#52 Buses Resume Normal Routing <br/>,52,,1454320801,Low,Buses Resume Normal Route
TCU#72 North Reroute at North/Lotus,72,,1454322601,Medium,Reroute at North/Lotus
#52 Buses Resume Normal Routing <br/>,52,,1454322601,Low,Buses Resume Normal Route
TCU#72 North Reroute at North/Lotus,72,,1454324402,Medium,Reroute at North/Lotus
#52 Buses Resume Normal Routing <br/>,52,,1454324402,Low,Buses Resume Normal Route
TCU#72 North Reroute at North/Lotus,72,,1454326201,Medium,Reroute at North/Lotus
#52 Buses Resume Normal Routing <br/>,52,,1454326201,Low,Buses Resume Normal Route
TCU#72 North Reroute at North/Lotus,72,,1454328002,Medium,Reroute at North/Lotus
#52 Buses Resume Normal Routing <br/>,52,,1454328002,Low,Buses Resume Normal Route
TCU#72 North Reroute at North/Lotus,72,,1454329802,Medium,Reroute at North/Lotus
#52 Buses Resume Normal Routing <br/>,52,,1454329802,Low,Buses Resume Normal Route
TCU#72 North Reroute at North/Lotus,72,,1454331602,Medium,Reroute at North/Lotus
#52 Buses Resume Normal Routing <br/>,52,,1454331602,Low,Buses Resume Normal Route
TCU#72 North Reroute at North/Lotus,72,,1454333402,Medium,Reroute at North/Lotus
#52 Buses Resume Normal Routing <br/>,52,,1454333402,Low,Buses Resume Normal Route
TCU#72 North Reroute at North/Lotus,72,,1454335202,Medium,Reroute at North/Lotus
#52 Buses Resume Normal Routing <br/>,52,,1454335202,Low,Buses Resume Normal Route
TCU#72 North Reroute at North/Lotus,72,,1454337001,Medium,Reroute at North/Lotus
#52 Buses Resume Normal Routing <br/>,52,,1454337001,Low,Buses Resume Normal Route
TCU#72 North Reroute at North/Lotus,72,,1454338801,Medium,Reroute at North/Lotus
#52 Buses Resume Normal Routing <br/>,52,,1454338801,Low,Buses Resume Normal Route
TCU#72 North Reroute at North/Lotus,72,,1454340602,Medium,Reroute at North/Lotus
#52 Buses Resume Normal Routing <br/>,52,,1454340602,Low,Buses Resume Normal Route
TCU#72 North Reroute at North/Lotus,72,,1454342401,Medium,Reroute at North/Lotus
#52 Buses Resume Normal Routing <br/>,52,,1454342401,Low,Buses Resume Normal Route
TCU#72 North Reroute at North/Lotus,72,,1454344201,Medium,Reroute at North/Lotus
#52 Buses Resume Normal Routing <br/>,52,,1454344201,Low,Buses Resume Normal Route
TCU#72 North Reroute at North/Lotus,72,,1454346001,Medium,Reroute at North/Lotus
#52 Buses Resume Normal Routing <br/>,52,,1454346001,Low,Buses Resume Normal Route
TCU#72 North Reroute at North/Lotus,72,,1454347801,Medium,Reroute at North/Lotus
#52 Buses Resume Normal Routing <br/>,52,,1454347801,Low,Buses Resume Normal Route
TCU#72 North Reroute at North/Lotus,72,,1454349601,Medium,Reroute at North/Lotus
#52 Buses Resume Normal Routing <br/>,52,,1454349601,Low,Buses Resume Normal Route
TCU#72 North Reroute at North/Lotus,72,,1454351401,Medium,Reroute at North/Lotus
#52 Buses Resume Normal Routing <br/>,52,,1454351401,Low,Buses Resume Normal Route
TCU#72 North Reroute at North/Lotus,72,,1454353202,Medium,Reroute at North/Lotus
#52 Buses Resume Normal Routing <br/>,52,,1454353202,Low,Buses Resume Normal Route
TCU#72 North Reroute at North/Lotus,72,,1454355001,Medium,Reroute at North/Lotus
#52 Buses Resume Normal Routing <br/>,52,,1454355001,Low,Buses Resume Normal Route
TCU#72 North Reroute at North/Lotus,72,,1454356801,Medium,Reroute at North/Lotus
#52 Buses Resume Normal Routing <br/>,52,,1454356801,Low,Buses Resume Normal Route
TCU#72 North Reroute at North/Lotus,72,,1454358601,Medium,Reroute at North/Lotus
#52 Buses Resume Normal Routing <br/>,52,,1454358601,Low,Buses Resume Normal Route
TCU#72 North Reroute at North/Lotus,72,,1454360402,Medium,Reroute at North/Lotus
#52 Buses Resume Normal Routing <br/>,52,,1454360402,Low,Buses Resume Normal Route
TCU#72 North Reroute at North/Lotus,72,,1454362201,Medium,Reroute at North/Lotus
#52 Buses Resume Normal Routing <br/>,52,,1454362201,Low,Buses Resume Normal Route
TCU#72 North Reroute at North/Lotus,72,,1454364000,Medium,Reroute at North/Lotus
#52 Buses Resume Normal Routing <br/>,52,,1454364000,Low,Buses Resume Normal Route
TCU#72 North Reroute at North/Lotus,72,,1454365802,Medium,Reroute at North/Lotus
#52 Buses Resume Normal Routing <br/>,52,,1454365802,Low,Buses Resume Normal Route
TCU#72 North Reroute at North/Lotus,72,,1454367602,Medium,Reroute at North/Lotus
#52 Buses Resume Normal Routing <br/>,52,,1454367602,Low,Buses Resume Normal Route
TCU#72 North Reroute at North/Lotus,72,,1454369401,Medium,Reroute at North/Lotus
#52 Buses Resume Normal Routing <br/>,52,,1454369401,Low,Buses Resume Normal Route
TCU#72 North Reroute at North/Lotus,72,,1454371201,Medium,Reroute at North/Lotus
#52 Buses Resume Normal Routing <br/>,52,,1454371201,Low,Buses Resume Normal Route
TCU#72 North Reroute at North/Lotus,72,,1454373000,Medium,Reroute at North/Lotus
#52 Buses Resume Normal Routing <br/>,52,,1454373000,Low,Buses Resume Normal Route
TCU#72 North Reroute at North/Lotus,72,,1454374801,Medium,Reroute at North/Lotus
#52 Buses Resume Normal Routing <br/>,52,,1454374801,Low,Buses Resume Normal Route
TCU#72 North Reroute at North/Lotus,72,,1454376602,Medium,Reroute at North/Lotus
#52 Buses Resume Normal Routing <br/>,52,,1454376602,Low,Buses Resume Normal Route
